id,name,category_id
30111,"Fish; live, ornamental, freshwater",3
30119,"Fish; live, ornamental, other than freshwater",3
30191,"Fish; live, trout (Salmo trutta, Oncorhynchus mykiss, Oncorhynchus clarki, Oncorhynchus aguabonita, Oncorhynchus gilae, Oncorhynchus apache and Oncorhynchus chrysogaster)",3
30192,"Fish; live, eels (Anguilla spp.)",3
30193,"Fish; live, carp (Cyprinus spp., Carassius spp., Ctenopharyngodon idellus, Hypophthalmichthys spp., Cirrhinus spp., Mylopharyngodon piceus, Catla catla, Labeo spp., Osteochilus hasselti, Leptobarbus hoeveni, Megalobrama spp.)",3
30194,"Fish; live, Atlantic and Pacific bluefin tunas (Thunnus thynnus, Thunnus orientalis)",3
30195,"Fish; live, southern bluefin tunas (Thunnus maccoyii)",3
30199,"Fish; live, n.e.c. in heading 0301",3
30211,"Fish; fresh or chilled, trout (Salmo trutta, Oncorhynchus mykiss, Oncorhynchus clarki, Oncorhynchus aguabonita, Oncorhynchus gilae, Oncorhynchus apache and Oncorhynchus chrysogaster), excluding fillets, fish meat of 0304, and edible fish offal of 0302.9",3
30213,"Fish; fresh or chilled, Pacific salmon (Oncorhynchus nerka, Oncorhynchus gorbuscha, Oncorhynchus keta, Oncorhynchus tschawytscha, Oncorhynchus kisutch, Oncorhynchus masou, Oncorhynchus rhodurus), not fillets, meat of 0304, and edible fish offal of 0302.9",3
30214,"Fish; fresh or chilled, Atlantic salmon (Salmo salar) and Danube salmon (Hucho hucho), excluding fillets, fish meat of 0304, and edible fish offal of subheadings 0302.91 to 0302.99",3
30219,"Fish; fresh or chilled, salmonidae, n.e.c. in item no. 0302.1, excluding fillets, fish meat of 0304, and edible fish offal of subheadings 0302.91 to 0302.99",3
30221,"Fish; fresh or chilled, halibut (Reinhardtius hippoglossoides, Hippoglossus hippoglossus, Hippoglossus stenolepis), excluding fillets, fish meat of 0304, and edible fish offal of subheadings 0302.91 to 0302.99",3
30222,"Fish; fresh or chilled, plaice (Pleuronectes platessa), excluding fillets, fish meat of 0304, and edible fish offal of subheadings 0302.91 to 0302.99",3
30223,"Fish; fresh or chilled, sole (Solea spp.), excluding fillets, fish meat of 0304, and edible fish offal of subheadings 0302.91 to 0302.99",3
30224,"Fish; fresh or chilled, turbots (Psetta maxima, Scophthalmidae), excluding fillets, fish meat of 0304, and edible fish offal of subheadings 0302.91 to 0302.99",3
30229,"Fish; fresh or chilled, flat fish, n.e.c. in item no. 0302.2, excluding fillets, fish meat of 0304, and edible fish offal of subheadings 0302.91 to 0302.99",3
30231,"Fish; fresh or chilled, albacore or longfinned tunas (Thunnus alalunga), excluding fillets, fish meat of 0304, and edible fish offal of subheadings 0302.91 to 0302.99",3
30232,"Fish; fresh or chilled, yellowfin tunas (Thunnus albacares), excluding fillets, fish meat of 0304, and edible fish offal of subheadings 0302.91 to 0302.99",3
30233,"Fish; fresh or chilled, skipjack tuna (stripe-bellied bonito) (Katsuwonus pelamis), excluding fillets, fish meat of 0304, and edible fish offal of subheadings 0302.91 to 0302.99",3
30234,"Fish; fresh or chilled, bigeye tunas (Thunnus obesus), excluding fillets, fish meat of 0304, and edible fish offal of subheadings 0302.91 to 0302.99",3
30235,"Fish; fresh or chilled, Atlantic and Pacific bluefin tunas (Thunnus thynnus, Thunnus orientalis), excluding fillets, fish meat of 0304, and edible fish offal of subheadings 0302.91 to 0302.99",3
30236,"Fish; fresh or chilled, southern bluefin tunas (Thunnus maccoyii), excluding fillets, fish meat of 0304, and edible fish offal of subheadings 0302.91 to 0302.99",3
30239,"Fish; fresh or chilled, tuna, n.e.c. in item no. 0302.3, excluding fillets, fish meat of 0304, and edible fish offal of subheadings 0302.91 to 0302.99",3
30241,"Fish; fresh or chilled, herrings (Clupea harengus, Clupea pallasii), excluding fillets, fish meat of 0304, and edible fish offal of subheadings 0302.91 to 0302.99",3
30242,"Fish; fresh or chilled, anchovies (Engraulis spp.), excluding fillets, fish meat of 0304, and edible fish offal of subheadings 0302.91 to 0302.99",3
30243,"Fish; fresh or chilled, sardines (Sardina pilchardus, Sardinops spp.), sardinella (Sardinella spp.), brisling or sprats (Sprattus sprattus), excluding fillets, fish meat of 0304, and edible fish offal of subheadings 0302.91 to 0302.99",3
30244,"Fish; fresh or chilled, mackerel (Scomber scombrus, Scomber australasicus, Scomber japonicus), excluding fillets, fish meat of 0304, and edible fish offal of subheadings 0302.91 to 0302.99",3
30245,"Fish; fresh or chilled, jack and horse mackerel (Trachurus spp.), excluding fillets, fish meat of 0304, and edible fish offal of subheadings 0302.91 to 0302.99",3
30246,"Fish; fresh or chilled, cobia (Rachycentron canadum), excluding fillets, fish meat of 0304, and edible fish offal of subheadings 0302.91 to 0302.99",3
30247,"Fish; fresh or chilled, swordfish (Xiphias gladius), excluding fillets, fish meat of 0304, and edible fish offal of subheadings 0302.91 to 0302.99",3
30249,"Fish; fresh or chilled, n.e.c. in item no. 0302.4, excluding fillets, fish meat of 0304, and edible fish offal of subheadings 0302.91 to 0302.99",3
30251,"Fish; fresh or chilled, cod (Gadus morhua, Gadus ogac, Gadus macrocephalus), excluding fillets, fish meat of 0304, and edible fish offal of subheadings 0302.91 to 0302.99",3
30252,"Fish; fresh or chilled, haddock (Melanogrammus aeglefinus), excluding fillets, fish meat of 0304, and edible fish offal of subheadings 0302.91 to 0302.99",3
30253,"Fish; fresh or chilled, coalfish (Pollachius virens), excluding fillets, fish meat of 0304, and edible fish offal of subheadings 0302.91 to 0302.99",3
30254,"Fish; fresh or chilled, hake (Merluccius spp., Urophycis spp.), excluding fillets, fish meat of 0304, and edible fish offal of subheadings 0302.91 to 0302.99",3
30255,"Fish; fresh or chilled, Alaska pollock (Theragra chalcogramma), excluding fillets, fish meat of 0304, and edible fish offal of subheadings 0302.91 to 0302.99",3
30256,"Fish; fresh or chilled, blue whitings (Micromesistius poutassou, Micromesistius australis),excluding fillets, fish meat of 0304, and edible fish offal of subheadings 0302.91 to 0302.99",3
30259,"Fish; fresh or chilled, n.e.c. in item no. 0302.5, excluding fillets, fish meat of 0304, and edible fish offal of subheadings 0302.91 to 0302.99",3
30271,"Fish; fresh or chilled, tilapias (Oreochromis spp.), excluding fillets, fish meat of 0304, and edible fish offal of subheadings 0302.91 to 0302.99",3
30272,"Fish; fresh or chilled, catfish (Pangasius spp., Silurus spp., Clarias spp., Ictalurus spp.), excluding fillets, fish meat of 0304, and edible fish offal of subheadings 0302.91 to 0302.99",3
30273,"Fish; fresh or chilled, Carp (as specified by the WCO.), excluding fillets, fish meat of 0304, and edible fish offal of subheadings 0302.91 to 0302.99",3
30274,"Fish; fresh or chilled, eels (Anguilla spp.), excluding fillets, fish meat of 0304, and edible fish offal of subheadings 0302.91 to 0302.99",3
30279,"Fish; fresh or chilled, Nile perch (Lates niloticus) and snakeheads (Channa spp.), excluding fillets, fish meat of 0304, and edible fish offal of subheadings 0302.91 to 0302.99",3
30281,"Fish; fresh or chilled, dogfish and other sharks, excluding fillets, fish meat of 0304, and edible fish offal of subheadings 0302.91 to 0302.99",3
30282,"Fish; fresh or chilled, rays and skates (Rajidae), excluding fillets, fish meat of 0304, and edible fish offal of subheadings 0302.91 to 0302.99",3
30283,"Fish; fresh or chilled, toothfish (Dissostichus spp.), excluding fillets, fish meat of 0304, and edible fish offal of subheadings 0302.91 to 0302.99",3
30284,"Fish; fresh or chilled, seabass (Dicentrarchus spp.), excluding fillets, fish meat of 0304, and edible fish offal of subheadings 0302.91 to 0302.99",3
30285,"Fish; fresh or chilled, seabream (Sparidae), excluding fillets, fish meat of 0304, and edible fish offal of subheadings 0302.91 to 0302.99",3
30289,"Fish; fresh or chilled, n.e.c. in heading 0302, excluding fillets, fish meat of 0304, and edible fish offal of subheadings 0302.91 to 0302.99",3
30291,"Fish; fresh or chilled, livers, roes and milt",3
30292,"Fish; fresh or chilled, shark fins",3
30299,"Fish; fresh or chilled, fish fins (other than shark fins), heads, tails, maws and other edible fish offal",3
30311,"Fish; frozen, Pacific salmon, sockeye salmon (red salmon) (Oncorhynchus nerka), excluding fillets, fish meat of 0304, and edible fish offal of subheadings 0303.91 to 0303.99",3
30312,"Fish; frozen, Pacific salmon (Oncorhynchus gorbuscha/keta/tschawytscha/ kisutch/masou/rhodurus) other than sockeye salmon (Oncorhynchus nerka), excluding fillets, fish meat of 0304, and edible fish offal of subheadings 0303.91 to 0303.99",3
30313,"Fish; frozen, Atlantic salmon (Salmo salar) and Danube salmon (Hucho hucho), excluding fillets, fish meat of 0304, and edible fish offal of subheadings 0303.91 to 0303.99",3
30314,"Fish; frozen, trout (Salmo trutta, Oncorhynchus mykiss, Oncorhynchus clarki, Oncorhynchus aguabonita, Oncorhynchus gilae, Oncorhynchus apache and Oncorhynchus chrysogaster), excluding fillets, meat of 0304, and edible fish offal of 0303.91 to 0303.99",3
30319,"Fish; frozen, salmonidae, n.e.c. in item no. 0303.1, excluding fillets, fish meat of 0304, and edible fish offal of subheadings 0303.91 to 0303.99",3
30323,"Fish; frozen, tilapias (Oreochromis spp.), excluding fillets, fish meat of 0304, and edible fish offal of subheadings 0303.91 to 0303.99",3
30324,"Fish; frozen, catfish (Pangasius spp., Silurus spp., Clarias spp., Ictalurus spp.), excluding fillets, fish meat of 0304, and edible fish offal of subheadings 0303.91 to 0303.99",3
30325,"Fish; frozen, carp (as specified by the WCO), excluding fillets, fish meat of 0304, and edible fish offal of subheadings 0303.91 to 0303.99",3
30326,"Fish; frozen, eels (Anguilla spp.), excluding fillets, fish meat of 0304, and edible fish offal of subheadings 0303.91 to 0303.99",3
30329,"Fish; frozen, Nile perch (Lates niloticus) and snakeheads (Channa spp.), excluding fillets, fish meat of 0304, and edible fish offal of subheadings 0303.91 to 0303.99",3
30331,"Fish; frozen, halibut (Reinhardtius hippoglossoides, Hippoglossus hippoglossus, Hippoglossus stenolepis), excluding fillets, fish meat of 0304, and edible fish offal of subheadings 0303.91 to 0303.99",3
30332,"Fish; frozen, plaice (Pleuronectes platessa), excluding fillets, fish meat of 0304, and edible fish offal of subheadings 0303.91 to 0303.99",3
30333,"Fish; frozen, sole (Solea spp.), excluding fillets, fish meat of 0304, and edible fish offal of subheadings 0303.91 to 0303.99",3
30334,"Fish; frozen, turbots (Psetta maxima, Scophthalmidae), excluding fillets, fish meat of 0304, and edible fish offal of subheadings 0303.91 to 0303.99",3
30339,"Fish; frozen, flat fish, n.e.c. in item no. 0303.3, excluding fillets, fish meat of 0304, and edible fish offal of subheadings 0303.91 to 0303.99",3
30341,"Fish; frozen, albacore or longfinned tunas (Thunnus alalunga), excluding fillets, fish meat of 0304, and edible fish offal of subheadings 0303.91 to 0303.99",3
30342,"Fish; frozen, yellowfin tunas (Thunnus albacares), excluding fillets, fish meat of 0304, and edible fish offal of subheadings 0303.91 to 0303.99",3
30343,"Fish; frozen, skipjack tuna (stripe-bellied bonito) (Katsuwonus pelamis), excluding fillets, fish meat of 0304, and edible fish offal of subheadings 0303.91 to 0303.99",3
30344,"Fish; frozen, bigeye tunas (Thunnus obesus), excluding fillets, fish meat of 0304, and edible fish offal of subheadings 0303.91 to 0303.99",3
30345,"Fish; frozen, Atlantic and Pacific bluefin tunas (Thunnus thynnus, Thunnus orientalis), excluding fillets, fish meat of 0304, and edible fish offal of subheadings 0303.91 to 0303.99",3
30346,"Fish; frozen, southern bluefin tunas (Thunnus maccoyii), excluding fillets, fish meat of 0304, and edible fish offal of subheadings 0303.91 to 0303.99",3
30349,"Fish; frozen, tuna, n.e.c. in item no. 0303.4, excluding fillets, fish meat of 0304, and edible fish offal of subheadings 0303.91 to 0303.99",3
30351,"Fish; frozen, herrings (Clupea harengus, Clupea pallasii), excluding fillets, fish meat of 0304, and edible fish offal of subheadings 0303.91 to 0303.99",3
30353,"Fish; frozen, sardines (Sardina pilchardus, Sardinops spp.), sardinella (Sardinella spp.), brisling or sprats (Sprattus sprattus), excluding fillets, fish meat of 0304, and edible fish offal of subheadings 0303.91 to 0303.99",3
30354,"Fish; frozen, mackerel (Scomber scombrus, Scomber australasicus, Scomber japonicus), excluding fillets, fish meat of 0304, and edible fish offal of subheadings 0303.91 to 0303.99",3
30355,"Fish; frozen, jack and horse mackerel (Trachurus spp.), excluding fillets, fish meat of 0304, and edible fish offal of subheadings 0303.91 to 0303.99",3
30356,"Fish; frozen, cobia (Rachycentron canadum), excluding fillets, fish meat of 0304, and edible fish offal of subheadings 0303.91 to 0303.99",3
30357,"Fish; frozen, swordfish (Xiphias gladius), excluding fillets, fish meat of 0304, and edible fish offal of subheadings 0303.91 to 0303.99",3
30359,"Fish; frozen, n.e.c. in item no. 0303.5, excluding fillets, fish meat of 0304, and edible fish offal of subheadings 0303.91 to 0303.99",3
30363,"Fish; frozen, cod (Gadus morhua, Gadus ogac, Gadus macrocephalus), excluding fillets, fish meat of 0304, and edible fish offal of subheadings 0303.91 to 0303.99",3
30364,"Fish; frozen, haddock (Melanogrammus aeglefinus), excluding fillets, fish meat of 0304, and edible fish offal of subheadings 0303.91 to 0303.99",3
30365,"Fish; frozen, coalfish (Pollachius virens), excluding fillets, fish meat of 0304, and edible fish offal of subheadings 0303.91 to 0303.99",3
30366,"Fish; frozen, hake (Merluccius spp., Urophycis spp.), excluding fillets, fish meat of 0304, and edible fish offal of subheadings 0303.91 to 0303.99",3
30367,"Fish; frozen, Alaska pollock (Theragra chalcogramma), excluding fillets, fish meat of 0304, and edible fish offal of subheadings 0303.91 to 0303.99",3
30368,"Fish; frozen, blue whitings (Micromesistius poutassou, Micromesistius australis), excluding fillets, fish meat of 0304, and edible fish offal of subheadings 0303.91 to 0303.99",3
30369,"Fish; frozen, of Bregmacerotidae, Euclichthyidae, Gadidae, Macrouridae, Melanonidae, Merlucciidae, Moridae, Muraenolepididae, other than cod, haddock, coalfish, hake, Alaska pollack, blue whitings, not fillets, meat of 0304, and edible offal of 0303.9",3
30381,"Fish; frozen, dogfish and other sharks, excluding fillets, fish meat of 0304, and edible fish offal of subheadings 0303.91 to 0303.99",3
30382,"Fish; frozen, rays and skates (Rajidae), excluding fillets, fish meat of 0304, and edible fish offal of subheadings 0303.91 to 0303.99",3
30383,"Fish; frozen, toothfish (Dissostichus spp.), excluding fillets, livers, roes, and edible fish offal of subheadings 0303.91 to 0303.99",3
30384,"Fish; frozen, seabass (Dicentrarchus spp.), excluding fillets, fish meat of 0304, and edible fish offal of subheadings 0303.91 to 0303.99",3
30389,"Fish; frozen, n.e.c. in heading 0303, excluding fillets, fish meat of 0304, and edible fish offal of subheadings 0303.91 to 0303.99",3
30391,"Fish; frozen, livers, roes and milt",3
30392,"Fish; frozen, shark fins",3
30399,"Fish; frozen, fish fins (other than shark fins), heads, tails, maws and other edible fish offal",3
30431,"Fish fillets; fresh or chilled, tilapias (Oreochromis spp.)",3
30432,"Fish fillets; fresh or chilled, catfish (Pangasius spp., Silurus spp., Clarias spp., Ictalurus spp.)",3
30433,"Fish fillets; fresh or chilled, Nile perch (Lates niloticus)",3
30439,"Fish fillets; fresh or chilled, carp (as specified by the WCO), eels (Anguilla spp.), and snakeheads (Channa spp.)",3
30441,"Fish fillets; fresh or chilled, salmon, Pacific (Oncorhynchus nerka, Oncorhynchus gorbuscha, Oncorhynchus keta, Oncorhynchus tschawytscha, Oncorhynchus kisutch, Oncorhynchus masou and Oncorhynchus rhodurus), Atlantic (Salmo salar), Danube (Hucho hucho)",3
30442,"Fish fillets; fresh or chilled, trout (Salmo trutta, Oncorhynchus mykiss, Oncorhynchus clarki, Oncorhynchus aguabonita, Oncorhynchus gilae, Oncorhynchus apache and Oncorhynchus chrysogaster)",3
30443,"Fish fillets; fresh or chilled, flat fish (Pleuronectidae, Bothidae, Cynoglossidae, Soleidae, Scophthalmidae and Citharidae)",3
30444,"Fish fillets; fresh or chilled, of the families Bregmacerotidae, Euclichthyidae, Gadidae, Macrouridae, Melanonidae, Merlucciidae, Moridae, and Muraenolepididae",3
30445,"Fish fillets; fresh or chilled, swordfish (Xiphias gladius)",3
30446,"Fish fillets; fresh or chilled, toothfish (Dissostichus spp.)",3
30447,"Fish fillets; fresh or chilled, dogfish and other sharks",3
30448,"Fish fillets; fresh or chilled, rays and skates (Rajidae)",3
30449,"Fish fillets; fresh or chilled, other than fish of heading 0304.4",3
30451,"Fish meat, excluding fillets, whether or not minced; fresh or chilled, tilapias, catfish, carp, eels, Nile perch, and snakeheads",3
30452,"Fish meat, excluding fillets, whether or not minced; fresh or chilled, salmonidae",3
30453,"Fish meat, excluding fillets, whether or not minced; fresh or chilled, of the families Bregmacerotidae, Euclichthyidae, Gadidae, Macrouridae, Melanonidae, Merlucciidae, Moridae, and Muraenolepididae",3
30454,"Fish meat, excluding fillets, whether or not minced; fresh or chilled, swordfish (Xiphias gladius)",3
30455,"Fish meat, excluding fillets, whether or not minced; fresh or chilled, toothfish (Dissostichus spp.)",3
30456,"Fish meat; excluding fillets, whether or not minced; fresh or chilled, dogfish and other sharks",3
30457,"Fish meat; excluding fillets, whether or not minced; fresh or chilled, rays and skates (Rajidae)",3
30459,"Fish meat; excluding fillets, whether or not minced; fresh or chilled, of fish n.e.c. in item no. 0304.5",3
30461,"Fish fillets; frozen, tilapias (Oreochromis spp.)",3
30462,"Fish fillets; frozen, catfish (Pangasius spp., Silurus spp., Clarias spp., Ictalurus spp.)",3
30463,"Fish fillets; frozen, Nile Perch (Lates niloticus)",3
30469,"Fish fillets; frozen, carp (Cyprinus/Carassius/Ctenopharyngodon idellus/Hypophthalmichthys/Cirrhinus/Mylopharyngodon piceus/Catla catla/Labeo/Osteochilus hasselti/Leptobarbus hoeveni/Megalobrama), eels (Anguilla) and snakeheads (Channa)",3
30471,"Fish fillets; frozen, cod (Gadus morhua, Gadus ogac, Gadus macrocephalus)",3
30472,"Fish fillets; frozen, haddock (Melanogrammus aeglefinus)",3
30473,"Fish fillets; frozen, coalfish (Pollachius virens)",3
30474,"Fish fillets; frozen, hake (Merluccius spp., Urophycis spp.)",3
30475,"Fish fillets; frozen, Alaska pollock (Theragra chalcogramma)",3
30479,"Fish fillets; frozen, of the families Bregmacerotidae, Euclichthyidae, Gadidae, Macrouridae, Melanonidae, Merlucciidae, Moridae and Muraenolepididae other than cod, haddock, coalfish, hake, and Alaska pollock",3
30481,"Fish fillets; frozen, salmon, Pacific (Oncorhynchus nerka, Oncorhynchus gorbuscha, Oncorhynchus keta, Oncorhynchus tschawytscha, Oncorhynchus kisutch, Oncorhynchus masou, Oncorhynchus rhodurus), Atlantic (Salmo salar), and Danube (Hucho hucho)",3
30482,"Fish fillets; frozen, trout (Salmo trutta, Oncorhynchus mykiss, Oncorhynchus clarki, Oncorhynchus aguabonita, Oncorhynchus gilae, Oncorhynchus apache and Oncorhynchus chrysogaster)",3
30483,"Fish fillets; frozen, flat fish (Pleuronectidae, Bothidae, Cynoglossidae, Soleidae, Scophthalmidae and Citharidae)",3
30484,"Fish fillets; frozen, swordfish (Xiphias gladius)",3
30485,"Fish fillets; frozen, toothfish (Dissostichus spp.)",3
30486,"Fish fillets; frozen, herrings (Clupea harengus, Clupea pallasii)",3
30487,"Fish fillets; frozen, tunas (of the genus Thunnus), skipjack tuna (stripe-bellied bonito) (Katsuwonus pelamis)",3
30488,"Fish fillets; frozen, dogfish, other sharks, rays and skates (Rajidae)",3
30489,"Fish fillets; frozen, of fish n.e.c. in heading 0304.8",3
30491,"Fish meat, excluding fillets, whether or not minced; frozen, swordfish (Xiphias gladius)",3
30492,"Fish meat, excluding fillets, whether or not minced; frozen, toothfish (Dissostichus spp.)",3
30493,"Fish meat, excluding fillets, whether or not minced; frozen, tilapias, catfish, carp, eels, Nile perch, and snakeheads",3
30494,"Fish meat, excluding fillets, whether or not minced; frozen, Alaska Pollock (Theragra chalcogramma)",3
30495,"Fish meat, excluding fillets, whether or not minced; frozen, of the families Bregmacerotidae, Euclichthyidae, Gadidae, Macrouridae, Melanonidae, Merlucciidae, Moridae and Muraenolepididae, other than Alaska Pollock (Theragra chalcogramma)",3
30496,"Fish meat, excluding fillets, whether or not minced; frozen, dogfish and other sharks",3
30497,"Fish meat, excluding fillets, whether or not minced; frozen, rays and skates (Rajidae)",3
30499,"Fish meat, excluding fillets, whether or not minced; frozen, n.e.c. in item no. 0304.9",3
30520,"Fish; livers, roes and milt of fish, dried, smoked, salted or in brine",3
30531,"Fish fillets; dried, salted or in brine, but not smoked, tilapias, catfish, carp, eels, Nile perch, and snakeheads",3
30532,"Fish fillets; dried, salted or in brine, but not smoked, of the families Bregmacerotidae, Euclichthyidae, Gadidae, Macrouridae, Melanonidae, Merlucciidae, Moridae and Muraenolepididae",3
30539,"Fish fillets; dried, salted or in brine, but not smoked, n.e.c. in item no. 0305.3",3
30541,"Fish; smoked, whether or not cooked before or during smoking, salmon, Pacific (Oncorhynchus nerka, gorbuscha, keta, tschawytscha, kisutch, masou, rhodurus), Atlantic (Salmo salar) and Danube (Hucho hucho), includes fillets, but excludes edible fish offal",3
30542,"Fish; smoked, whether or not cooked before or during smoking, herrings (Clupea harengus, Clupea pallasii), includes fillets, but excludes edible fish offal",3
30543,"Fish; smoked, whether or not cooked before or during smoking, trout (Salmo trutta, Oncorhynchus mykiss/clarki/aguabonita/gilae/apache/chrysogaster), includes fillets, but excludes edible fish offal",3
30544,"Fish; smoked, whether or not cooked before or during smoking, tilapias, catfish, carp, eels, Nile perch, and snakeheads, includes fillets, but excludes edible fish offal",3
30549,"Fish; smoked, whether or not cooked before or during smoking, n.e.c. in item no. 0305.4, includes fillets, but excludes edible fish offal",3
30551,"Fish; dried, whether or not salted but not smoked, other than edible fish offal, cod (Gadus morhua, Gadus ogac, Gadus macrocephalus)",3
30552,"Fish; dried, whether or not salted but not smoked, tilapias, catfish, carp, eels, Nile perch, and snakeheads",3
30553,"Fish; dried, whether or not salted but not smoked, fish of the families Bregmacerotidae, Euclichthyidae, Gadidae, Macrouridae, Melanonidae, Merlucciidae, Moridae and Muraenolepididae, other than cod",3
30554,"Dried herrings, anchovies, sardines, sardinella, brisling or sprats, mackerel (incl Indian, jack, or horse), seerfishes, jacks, crevalles, cobia, silver pomfrets, Pacific saury, scads, capelin, swordfish, Kawakawa, bonitos, marlins, sailfishes, spearfish",3
30559,"Fish; dried, whether or not salted but not smoked, other than edible fish offal, n.e.c. in item no. 0305.5",3
30561,"Fish; salted or in brine, not dried or smoked, other than edible fish offal, herrings (Clupea harengas, Clupea pallasii)",3
30562,"Fish; salted or in brine, not dried or smoked, other than edible fish offal, cod (Gadus morhua, Gadus ogac, Gadus macrocephalus)",3
30563,"Fish; salted or in brine, not dried or smoked, other than edible fish offal, anchovies (Engrails spp.)",3
30564,"Fish; salted or in brine, not dried or smoked, other than edible fish offal, tilapias, catfish, carp, eels, Nile perch, and snakeheads",3
30569,"Fish; salted or in brine, not dried or smoked, other than edible fish offal, n.e.c. in item no. 0305.6",3
30571,"Fish; edible offal, shark fins",3
30572,"Fish; edible offal, fish heads, tails and maws",3
30579,"Fish; edible offal, other than shark fins, fish heads, tails and maws",3
30611,"Crustaceans; frozen, rock lobsters and other sea crawfish (Palinurus spp., Panulirus spp., Jasus spp.), in shell or not, smoked, cooked or not before or during smoking; in shell, cooked by steaming or by boiling in water",3
30612,"Crustaceans; frozen, lobsters (Homarus spp.), in shell or not, smoked, cooked or not before or during smoking; in shell, cooked by steaming or by boiling in water",3
30614,"Crustaceans; frozen, crabs, in shell or not, smoked, cooked or not before or during smoking; in shell, cooked by steaming or by boiling in water",3
30615,"Crustaceans; frozen, Norway lobsters (Nephrops norvegicus), in shell or not, smoked, cooked or not before or during smoking; in shell, cooked by steaming or by boiling in water",3
30616,"Crustaceans; frozen, cold-water shrimps and prawns (Pandalus spp., Crangon crangon), in shell or not, smoked, cooked or not before or during smoking; in shell, cooked by steaming or by boiling in water",3
30617,"Crustaceans; frozen, shrimps and prawns, excluding cold-water varieties, in shell or not, smoked, cooked or not before or during smoking; in shell, cooked by steaming or by boiling in water",3
30619,"Crustaceans; frozen, n.e.c. in item no. 0306.1, in shell or not, smoked, cooked or not before or during smoking; in shell, cooked by steaming or by boiling in water",3
30631,"Crustaceans; live, fresh or chilled, rock lobsters and other sea crawfish (Palinurus spp., Panulirus spp., Jasus spp.), in shell or not",3
30632,"Crustaceans; live, fresh or chilled, lobsters (Homarus spp.), whether in shell or not",3
30633,"Crustaceans; live, fresh or chilled, crabs, whether in shell or not",3
30634,"Crustaceans; live, fresh or chilled, Norway lobsters (Nephrops norvegicus), in shell or not",3
30635,"Crustaceans; live, fresh or chilled, cold-water shrimps and prawns (Pandalus spp., Crangon crangon), in shell or not",3
30636,"Crustaceans; live, fresh or chilled, shrimps and prawns excluding cold-water varieties, in shell or not",3
30639,"Crustaceans; live, fresh or chilled, n.e.c. in item no. 0306.3, in shell or not",3
30691,"Crustaceans; rock lobsters and other sea crawfish (Palinurus spp., Panulirus spp., Jasus spp.), smoked, cooked or not, whether in shell or not, whether or not cooked before or during smoking",3
30692,"Crustaceans; lobsters (Homarus spp.), smoked, cooked or not, whether in shell or not, whether or not cooked before or during smoking",3
30693,"Crustaceans; crabs, smoked, cooked or not, whether in shell or not, whether or not cooked before or during smoking",3
30694,"Crustaceans; Norway lobsters (Nephrops norvegicus), smoked, cooked or not, whether in shell or not, whether or not cooked before or during smoking",3
30695,"Crustaceans; shrimps and prawns, smoked, cooked or not, whether in shell or not, whether or not cooked before or during smoking",3
30699,"Crustaceans; smoked, whole, cooked or not, n.e.c. in item no. 0306.9, in shell or not",3
30711,"Molluscs; oysters, whether in shell or not, live, fresh or chilled",3
30712,"Molluscs; oysters, whether in shell or not, frozen",3
30719,"Molluscs; oysters, whether in shell or not, dried, salted or in brine, smoked, cooked or not before or during the smoking process",3
30721,"Molluscs; scallops and other molluscs of the family Pectinidae, whether in shell or not, live, fresh or chilled",3
30722,"Molluscs; scallops and other molluscs of the family Pectinidae, whether in shell or not, frozen",3
30729,"Molluscs; scallops and other molluscs of the family Pectinidae, whether in shell or not, dried, salted, in brine, or smoked, cooked or not before or during the smoking process",3
30731,"Molluscs; mussels (Mytilus spp., Perna spp.), whether in shell or not, live, fresh or chilled",3
30732,"Molluscs; mussels (Mytilus spp., Perna spp.), whether in shell or not, frozen",3
30739,"Molluscs; mussels (Mytilus spp., Perna spp.), whether in shell or not, dried, salted, in brine, or smoked, cooked or not before or during the smoking process",3
30742,"Molluscs; cuttle fish and squid, whether in shell or not, live, fresh or chilled",3
30743,"Molluscs; cuttle fish and squid, whether in shell or not, frozen",3
30749,"Molluscs; cuttle fish and squid, whether in shell or not, dried, salted, in brine, or smoked, cooked or not before or during the smoking process",3
30751,"Molluscs; octopus (Octopus spp.), live, fresh or chilled",3
30752,"Molluscs; octopus (Octopus spp.), frozen",3
30759,"Molluscs; octopus (Octopus spp.), dried, salted, in brine, or smoked, cooked or not before or during the smoking process",3
30760,"Molluscs; snails, other than sea snails, whether in shell or not, live, fresh, chilled, frozen, dried, salted, in brine, or smoked, cooked or not before or during the smoking process",3
30771,"Molluscs; clams, cockles and ark shells (families Arcidae, Arcticidae, Cardiidae, Donacidae, Hiatellidae, Mactridae, Mesodesmatidae, Myidae, Semelidae, Solecurtidae, Solenidae, Tridacnidae and Veneridae), whether in shell or not, live, fresh or chilled",3
30772,"Molluscs; clams, cockles, ark shells (Arcidae, Arcticidae, Cardiidae, Donacidae, Hiatellidae, Mactridae, Mesodesmatidae, Myidae, Semelidae, Solecurtidae, Solenidae, Tridacnidae and Veneridae), whether in shell or not, frozen",3
30779,"Molluscs; clams, cockle, ark shells (families Arcidae, Arcticidae, Cardiidae, Donacidae, Hiatellidae, Mactridae, Mesodesmatidae, Myidae, Semelidae, Solecurtidae, Solenidae, Tridacnidae, Veneridae), whether in shell or not, dried, salted, in brine, smoked",3
30781,"Molluscs; abalone (Haliotis spp.), whether in shell or not, live, fresh or chilled",3
30782,"Molluscs; stromboid conchs (Strombus spp.), whether in shell or not, live, fresh or chilled",3
30783,"Molluscs; abalone (Haliotis spp.), whether in shell or not, frozen",3
30784,"Molluscs; stromboid conchs (Strombus spp.), whether in shell or not, frozen",3
30787,"Molluscs; abalone (Haliotis spp.), whether in shell or not, dried, salted, in brine, or smoked, cooked or not before or during the smoking process",3
30788,"Molluscs; stromboid conchs (Strombus spp.), whether in shell or not, dried, salted, in brine, or smoked, cooked or not before or during the smoking process",3
30791,"Molluscs; n.e.c. in heading 0307, whether in shell or not, live or fresh, chilled",3
30792,"Molluscs; n.e.c. in heading 0307, whether in shell or not, frozen",3
30799,"Molluscs; n.e.c. in heading 0307, whether in shell or not, dried, salted, in brine, or smoked, cooked or not before or during the smoking process",3
30811,"Aquatic invertebrates; sea cucumbers (Stichopus japonicus, Holothuroidea), live, fresh or chilled",3
30812,"Aquatic invertebrates; sea cucumbers (Stichopus japonicus, Holothuroidea), frozen",3
30819,"Aquatic invertebrates; sea cucumbers (Stichopus japonicus, Holothuroidea), dried, salted or in brine, smoked, whether or not cooked before or during the smoking process",3
30821,"Aquatic invertebrates; sea urchins (Strongylocentrotus spp., Paracentrotus lividus, Loxechinus albus, Echinus esculentus), live, fresh or chilled",3
30822,"Aquatic invertebrates; sea urchins (Strongylocentrotus spp., Paracentrotus lividus, Loxechinus albus, Echinus esculentus), frozen",3
30829,"Aquatic invertebrates; sea urchins (Strongylocentrotus spp., Paracentrotus lividus, Loxechinus albus, Echinus esculentus), dried, salted or in brine, smoked, whether or not cooked before or during smoking process",3
30830,"Aquatic invertebrates; jellyfish (Rhopilema spp.), live, fresh, chilled, frozen, dried, salted or in brine, smoked, whether or not cooked before or during smoking",3
30890,"Aquatic invertebrates; other than crustaceans, molluscs, sea urchins, sea cucumbers and jellyfish, live, fresh, chilled, frozen, dried, salted or in brine, smoked, cooked or not before or during smoking",3
30910,"Flours, meals and pellets of fish, fit for human consumption",3
30990,"Flours, meals and pellets of crustaceans, molluscs and other aquatic invertebrates, fit for human consumption",3
30233,"Fish; fresh or chilled, skipjack or stripe-bellied bonito, excluding fillets, fish meat of 0304, and edible fish offal of subheadings 0302.91 to 0302.99",3
30255,"Fish; fresh or chilled, Alaska pollack (Theragra chalcogramma), excluding fillets, fish meat of 0304, and edible fish offal of subheadings 0302.91 to 0302.99",3
30325,"Fish; frozen, carp  (as specified by the WCO), excluding fillets, fish meat of 0304, and edible fish offal of subheadings 0303.91 to 0303.99",3
30343,"Fish; frozen, skipjack or stripe-bellied bonito, excluding fillets, fish meat of 0304, and edible fish offal of subheadings 0303.91 to 0303.99",3
30367,"Fish; frozen, Alaska pollack (Theraga chalcogramma), excluding fillets, fish meat of 0304, and edible fish offal of subheadings 0303.91 to 0303.99",3
30475,"Fish fillets; frozen, Alaska pollack (Theragra chalcogramma)",3
30479,"Fish fillets; frozen, of the families Bregmacerotidae, Euclichthyidae, Gadidae, Macrouridae, Melanonidae, Merlucciidae, Moridae and Muraenolepididae other than cod, haddock, coalfish, hake, and Alaska pollack",3
30487,"Fish fillets; frozen, tunas (of the genus Thunnus), skipjack or stripe-bellied bonito (Euthynnus (Katsuwonus) pelamis)",3
30494,"Fish meat, excluding fillets, whether or not minced; frozen, Alaska Pollack (Theragra chalcogramma)",3
30495,"Fish meat, excluding fillets, whether or not minced; frozen, of the families Bregmacerotidae, Euclichthyidae, Gadidae, Macrouridae, Melanonidae, Merlucciidae, Moridae and Muraenolepididae, other than Alaska Pollack (Theragra chalcogramma)",3
30510,"Fish; flours, meals and pellets, fit for human consumption",3
30619,"Crustaceans; frozen, n.e.c. in item no. 0306.1, in shell or not, smoked, cooked or not before or during smoking; in shell, cooked by steaming or by boiling in water; including edible flours, meals, and pellets of crustaceans",3
30639,"Crustaceans; live, fresh or chilled, n.e.c. in item no. 0306.3, in shell or not, including edible flours, meals, and pellets of crustaceans",3
30699,"Crustaceans; smoked, whole, cooked or not, n.e.c. in item no. 0306.9, in shell or not, including edible flours, meals, and pellets of crustaceans",3
30721,"Molluscs; scallops, whether in shell or not, including queen scallops, of the genera Pecten, Chlamys or Placopecten, live, fresh or chilled",3
30722,"Molluscs; scallops, whether in shell or not, including queen scallops of the genera Pecten, Chlamys or Placopecten, frozen",3
30729,"Molluscs; scallops, whether in shell or not, including queen scallops of the genera Pecten, Chlamys or Placopecten, dried, salted, in brine, or smoked, cooked or not before or during the smoking process",3
30743,"Molluscs; cuttle fish and squid, whether in shell or not, includes flours, meals, and pellets of molluscs, fit for human consumption, frozen",3
30749,"Molluscs; cuttle fish and squid, whether in shell or not, includes flours, meals, and pellets of molluscs, fit for human consumption, dried, salted, in brine, or smoked, cooked or not before or during the smoking process",3
30788,"Molluscs; stromboid conchs (Strombus spp.), whether in shell or not, includes flours, meals, and pellets of molluscs, fit for human consumption, dried, salted, in brine, or smoked, cooked or not before or during the smoking process",3
30791,"Molluscs; n.e.c. in heading 0307, whether in shell or not, includes flours, meals, and pellets of molluscs, fit for human consumption, live or fresh, chilled",3
30792,"Molluscs; n.e.c. in heading 0307, whether in shell or not, includes flours, meals, and pellets of molluscs, fit for human consumption, frozen",3
30799,"Molluscs; n.e.c. in heading 0307, whether in shell or not, includes flours, meals, and pellets of molluscs, fit for human consumption, dried, salted, in brine, or smoked, cooked or not before or during the smoking process",3
30890,"Aquatic invertebrates; other than crustaceans, molluscs, sea urchins, sea cucumbers and jellyfish, live, fresh, chilled, frozen, dried, salted or in brine, smoked, cooked or not before or during smoking, includes edible flours, meals, and pellets",3
30193,"Fish; live, carp (Cyprinus carpio, Carassius carassius, Ctenopharyngodon idellus, Hypophthalmichthys spp., Cirrhinus spp., Mylopharyngodon piceus)",3
30211,"Fish; fresh or chilled, trout (Salmo trutta, Oncorhynchus mykiss, Oncorhynchus clarki, Oncorhynchus aguabonita, Oncorhynchus gilae, Oncorhynchus apache and Oncorhynchus chrysogaster), excluding fillets, livers, roes, and other fish meat of heading 0304",3
30213,"Fish; fresh or chilled, Pacific salmon (Oncorhynchus nerka, Oncorhynchus gorbuscha, Oncorhynchus keta, Oncorhynchus tschawytscha, Oncorhynchus kisutch, Oncorhynchus masou, Oncorhynchus rhodurus), not fillets, livers, roes, other fish meat of heading 0304",3
30214,"Fish; fresh or chilled, Atlantic salmon (Salmo salar) and Danube salmon (Hucho hucho), excluding fillets, livers, roes, and other fish meat of heading 0304",3
30219,"Fish; fresh or chilled, salmonidae, n.e.c. in item no. 0302.1, excluding fillets, livers, roes, and other fish meat of heading 0304",3
30221,"Fish; fresh or chilled, halibut (Reinhardtius hippoglossoides, Hippoglossus hippoglossus, Hippoglossus stenolepis), excluding fillets, livers, roes, and other fish meat of heading 0304",3
30222,"Fish; fresh or chilled, plaice (Pleuronectes platessa), excluding fillets, livers, roes, and other fish meat of heading 0304",3
30223,"Fish; fresh or chilled, sole (Solea spp.), excluding fillets, livers, roes, and other fish meat of heading 0304",3
30224,"Fish; fresh or chilled, turbots (Psetta maxima, Scophthalmidae), excluding fillets, livers, roes, and other fish meat of heading 0304",3
30229,"Fish; fresh or chilled, flat fish, n.e.c. in item no. 0302.2, excluding fillets, livers, roes, and other fish meat of heading 0304",3
30231,"Fish; fresh or chilled, albacore or longfinned tunas (Thunnus alalunga), excluding fillets, livers, roes, and other fish meat of heading 0304",3
30232,"Fish; fresh or chilled, yellowfin tunas (Thunnus albacares), excluding fillets, livers, roes, and other fish meat of heading 0304",3
30233,"Fish; fresh or chilled, skipjack or stripe-bellied bonito, excluding fillets, livers, roes, and other fish meat of heading 0304",3
30234,"Fish; fresh or chilled, bigeye tunas (Thunnus obesus), excluding fillets, livers, roes, and other fish meat of heading 0304",3
30235,"Fish; fresh or chilled, Atlantic and Pacific bluefin tunas (Thunnus thynnus, Thunnus orientalis), excluding fillets, livers, roes, and other fish meat of heading 0304",3
30236,"Fish; fresh or chilled, southern bluefin tunas (Thunnus maccoyii), excluding fillets, livers, roes, and other fish meat of heading 0304",3
30239,"Fish; fresh or chilled, tuna, n.e.c. in item no. 0302.3, excluding fillets, livers, roes, and other fish meat of heading 0304",3
30241,"Fish; fresh or chilled, herrings (Clupea harengus, Clupea pallasii), excluding fillets, livers, roes, and other fish meat of heading 0304",3
30242,"Fish; fresh or chilled, anchovies (Engraulis spp.), excluding fillets, livers, roes, and other fish meat of heading 0304",3
30243,"Fish; fresh or chilled, sardines (Sardina pilchardus, Sardinops spp.), sardinella (Sardinella spp.), brisling or sprats (Sprattus sprattus), excluding fillets, livers, roes, and other fish meat of heading 0304",3
30244,"Fish; fresh or chilled, mackerel (Scomber scombrus, Scomber australasicus, Scomber japonicus), excluding fillets, livers, roes, and other fish meat of heading 0304",3
30245,"Fish; fresh or chilled, jack and horse mackerel (Trachurus spp.), excluding fillets, livers, roes, and other fish meat of heading 0304",3
30246,"Fish; fresh or chilled, cobia (Rachycentron canadum), excluding fillets, livers, roes, and other fish meat of heading 0304",3
30247,"Fish; fresh or chilled, swordfish (Xiphias gladius), excluding fillets, livers, roes, and other fish meat of heading 0304",3
30251,"Fish; fresh or chilled, cod (Gadus morhua, Gadus ogac, Gadus macrocephalus), excluding fillets, livers, roes, and other fish meat of heading 0304",3
30252,"Fish; fresh or chilled, haddock (Melanogrammus aeglefinus), excluding fillets, livers, roes, and other fish meat of heading 0304",3
30253,"Fish; fresh or chilled, coalfish (Pollachius virens), excluding fillets, livers, roes, and other fish meat of heading 0304",3
30254,"Fish; fresh or chilled, hake (Merluccius spp., Urophycis spp.), excluding fillets, livers, roes, and other fish meat of heading 0304",3
30255,"Fish; fresh or chilled, Alaska pollack (Theragra chalcogramma), excluding fillets, livers, roes, and other fish meat of heading 0304",3
30256,"Fish; fresh or chilled, blue whitings (Micromesistius poutassou, Micromesistius australis), excluding fillets, livers, roes, and other fish meat of heading 0304",3
30259,"Fish; fresh or chilled, n.e.c. in item no. 0302.5, excluding fillets, livers, roes, and other fish meat of heading 0304",3
30271,"Fish; fresh or chilled, tilapias (Oreochromis spp.), excluding fillets, livers, roes, and other fish meat of heading 0304",3
30272,"Fish; fresh or chilled, catfish (Pangasius spp., Silurus spp., Clarias spp., Ictalurus spp.), excluding fillets, livers, roes, and other fish meat of heading 0304",3
30273,"Fish; fresh or chilled, carp (Cyprinus carpio, Carassius carassius, Ctenopharyngodon idellus, Hypophthalmichthys spp., Cirrhinus spp., Mylopharyngodon piceus), excluding fillets, livers, roes, and other fish meat of heading 0304",3
30274,"Fish; fresh or chilled, eels (Anguilla spp.), excluding fillets, livers, roes, and other fish meat of heading 0304",3
30279,"Fish; fresh or chilled, Nile perch (Lates niloticus) and snakeheads (Channa spp.), excluding fillets, livers, roes, and other fish meat of heading 0304",3
30281,"Fish; fresh or chilled, dogfish and other sharks, excluding fillets, livers, roes, and other fish meat of heading 0304",3
30282,"Fish; fresh or chilled, rays and skates (Rajidae), excluding fillets, livers, roes, and other fish meat of heading 0304",3
30283,"Fish; fresh or chilled, toothfish (Dissostichus spp.), excluding fillets, livers, roes, and other fish meat of heading 0304",3
30284,"Fish; fresh or chilled, seabass (Dicentrarchus spp.), excluding fillets, livers, roes, and other fish meat of heading 0304",3
30285,"Fish; fresh or chilled, seabream (Sparidae), excluding fillets, livers, roes, and other fish meat of heading 0304",3
30289,"Fish; fresh or chilled, n.e.c. in heading 0302, excluding fillets, livers, roes, and other fish meat of heading 0304",3
30290,"Fish; fresh or chilled, livers and roes",3
30311,"Fish; frozen, Pacific salmon, sockeye salmon (red salmon) (Oncorhynchus nerka), excluding fillets, livers, roes, and other fish meat of heading 0304",3
30312,"Fish; frozen, Pacific salmon (Oncorhynchus gorbuscha/keta/tschawytscha/ kisutch/masou/rhodurus) other than sockeye salmon (Oncorhynchus nerka), excluding fillets, livers, roes, and other fish meat of heading 0304",3
30313,"Fish; frozen, Atlantic salmon (Salmo salar) and Danube salmon (Hucho hucho), excluding fillets, livers, roes, and other fish meat of heading 0304",3
30314,"Fish; frozen, trout (Salmo trutta, Oncorhynchus mykiss, Oncorhynchus clarki, Oncorhynchus aguabonita, Oncorhynchus gilae, Oncorhynchus apache and Oncorhynchus chrysogaster), excluding fillets, livers, roes, and other fish meat of heading 0304",3
30319,"Fish; frozen, salmonidae, n.e.c. in item no. 0303.1, excluding fillets, livers, roes, and other fish meat of heading 0304",3
30323,"Fish; frozen, tilapias (Oreochromis spp.), excluding fillets, livers, roes, and other fish meat of heading 0304",3
30324,"Fish; frozen, catfish (Pangasius spp., Silurus spp., Clarias spp., Ictalurus spp.), excluding fillets, livers, roes, and other fish meat of heading 0304",3
30325,"Fish; frozen, carp (Cyprinus carpio, Carassius carassius, Ctenopharyngodon idellus, Hypophthalmichthys spp., Cirrhinus spp., Mylopharyngodon piceus), excluding fillets, livers, roes, and other fish meat of heading 0304",3
30326,"Fish; frozen, eels (Anguilla spp.), excluding fillets, livers, roes, and other fish meat of heading 0304",3
30329,"Fish; frozen, Nile perch (Lates niloticus) and snakeheads (Channa spp.), excluding fillets, livers, roes, and other fish meat of heading 0304",3
30331,"Fish; frozen, halibut (Reinhardtius hippoglossoides, Hippoglossus hippoglossus, Hippoglossus stenolepis), excluding fillets, livers, roes, and other fish meat of heading 0304",3
30332,"Fish; frozen, plaice (Pleuronectes platessa), excluding fillets, livers, roes, and other fish meat of heading 0304",3
30333,"Fish; frozen, sole (Solea spp.), excluding fillets, livers, roes, and other fish meat of heading 0304",3
30334,"Fish; frozen, turbots (Psetta maxima, Scophthalmidae), excluding fillets, livers, roes, and other fish meat of heading 0304",3
30339,"Fish; frozen, flat fish, n.e.c. in item no. 0303.3, excluding fillets, livers, roes, and other fish meat of heading 0304",3
30341,"Fish; frozen, albacore or longfinned tunas (Thunnus alalunga), excluding fillets, livers, roes, and other fish meat of heading 0304",3
30342,"Fish; frozen, yellowfin tunas (Thunnus albacares), excluding fillets, livers, roes, and other fish meat of heading 0304",3
30343,"Fish; frozen, skipjack or stripe-bellied bonito, excluding fillets, livers, roes, and other fish meat of heading 0304",3
30344,"Fish; frozen, bigeye tunas (Thunnus obesus), excluding fillets, livers, roes, and other fish meat of heading 0304",3
30345,"Fish; frozen, Atlantic and Pacific bluefin tunas (Thunnus thynnus, Thunnus orientalis), excluding fillets, livers, roes, and other fish meat of heading 0304",3
30346,"Fish; frozen, southern bluefin tunas (Thunnus maccoyii), excluding fillets, livers, roes, and other fish meat of heading 0304",3
30349,"Fish; frozen, tuna, n.e.c. in item no. 0303.4, excluding fillets, livers, roes, and other fish meat of heading 0304",3
30351,"Fish; frozen, herrings (Clupea harengus, Clupea pallasii), excluding fillets, livers, roes, and other fish meat of heading 0304",3
30353,"Fish; frozen, sardines (Sardina pilchardus, Sardinops spp.), sardinella (Sardinella spp.), brisling or sprats (Sprattus sprattus), excluding fillets, livers, roes, and other fish meat of heading 0304",3
30354,"Fish; frozen, mackerel (Scomber scombrus, Scomber australasicus, Scomber japonicus), excluding fillets, livers, roes, and other fish meat of heading 0304",3
30355,"Fish; frozen, jack and horse mackerel (Trachurus spp.), excluding fillets, livers, roes, and other fish meat of heading 0304",3
30356,"Fish; frozen, cobia (Rachycentron canadum), excluding fillets, livers, roes, and other fish meat of heading 0304",3
30357,"Fish; frozen, swordfish (Xiphias gladius), excluding fillets, livers, roes, and other fish meat of heading 0304",3
30363,"Fish; frozen, cod (Gadus morhua, Gadus ogac, Gadus macrocephalus), excluding fillets, livers, roes, and other fish meat of heading 0304",3
30364,"Fish; frozen, haddock (Melanogrammus aeglefinus), excluding fillets, livers, roes, and other fish meat of heading 0304",3
30365,"Fish; frozen, coalfish (Pollachius virens), excluding fillets, livers, roes, and other fish meat of heading 0304",3
30366,"Fish; frozen, hake (Merluccius spp., Urophycis spp.), excluding fillets, livers, roes, and other fish meat of heading 0304",3
30367,"Fish; frozen, Alaska pollack (Theraga chalcogramma), excluding fillets, livers, roes, and other fish meat of heading 0304",3
30368,"Fish; frozen, blue whitings (Micromesistius poutassou, Micromesistius australis), excluding fillets, livers, roes, and other fish meat of heading 0304",3
30369,"Fish; frozen, of Bregmacerotidae, Euclichthyidae, Gadidae, Macrouridae, Melanonidae, Merlucciidae, Moridae, Muraenolepididae, other than cod, haddock, coalfish, hake, Alaska pollack, blue whitings, excluding fillets, livers, roes, other fish meat of 0304",3
30381,"Fish; frozen, dogfish and other sharks, excluding fillets, livers, roes, and other fish meat of heading 0304",3
30382,"Fish; frozen, rays and skates (Rajidae), excluding fillets, livers, roes, and other fish meat of heading 0304",3
30383,"Fish; frozen, toothfish (Dissostichus spp.), excluding fillets, livers, roes, and other fish meat of heading 0304",3
30384,"Fish; frozen, seabass (Dicentrarchus spp.), excluding fillets, livers, roes, and other fish meat of heading 0304",3
30389,"Fish; frozen, n.e.c. in heading 0303, excluding fillets, livers, roes, and other fish meat of heading 0304",3
30390,"Fish; frozen, livers and roes",3
30439,"Fish fillets; fresh or chilled, carp (Cyprinus carpio, Carassius carassius, Ctenopharyngodon idellus, Hypophthalmichthys spp., Cirrhinus spp., Mylopharyngodon piceus), eels (Anguilla spp.), and snakeheads (Channa spp.)",3
30469,"Fish fillets; frozen, carp (Cyprinus carpio, Carassius carassius, Ctenopharyngodon idellus, Hypophthalmichthys spp., Cirrhinus spp., Mylopharyngodon piceus), eels (Anguilla spp.), and snakeheads (Channa spp.)",3
30475,"Fish fillets; frozen, Alaska pollack (Theraga chalcogramma)",3
30494,"Fish meat, excluding fillets, whether or not minced; frozen, Alaska Pollack (Theraga chalcogramma)",3
30495,"Fish meat, excluding fillets, whether or not minced; frozen, of the families Bregmacerotidae, Euclichthyidae, Gadidae, Macrouridae, Melanonidae, Merlucciidae, Moridae and Muraenolepididae, other than Alaska Pollack (Theraga chalcogramma)",3
30520,"Fish; livers and roes, dried, salted or in brine, smoked, whether or not cooked before or during the smoking process",3
30559,"Fish; dried, whether or not salted but not smoked, other than edible fish offal, other than cod (Gadus morhua, Gadus ogac, Gadus macrocephalus)",3
30621,"Crustaceans; not frozen, rock lobsters and other sea crawfish (Palinurus spp., Panulirus spp., Jasus spp.), in shell or not, smoked, cooked or not before or during smoking; in shell, cooked by steaming or boiling in water; edible flours, meals, pellets",3
30622,"Crustaceans; not frozen, lobsters (Homarus spp.), whether in shell or not, smoked, cooked or not before or during smoking; in shell, cooked by steaming or by boiling in water; edible flours, meals, and pellets",3
30624,"Crustaceans; not frozen, crabs, whether in shell or not, smoked, cooked or not before or during smoking; in shell, cooked by steaming or by boiling in water; edible flours, meals, and pellets",3
30625,"Crustaceans; not frozen, Norway lobsters (Nephrops norvegicus), in shell or not, smoked, cooked or not before or during smoking; in shell, cooked by steaming or by boiling in water; edible flours, meals, and pellets",3
30626,"Crustaceans; not frozen, cold-water shrimps and prawns (Pandalus spp., Crangon crangon), in shell or not, smoked, cooked or not before or during smoking; in shell, cooked by steaming or by boiling in water; edible flour, meals, and pellets",3
30627,"Crustaceans; not frozen, shrimps and prawns excluding cold-water varieties, in shell or not, smoked, cooked or not before or during smoking; in shell, cooked by steaming or by boiling in water; edible flour, meals, and pellets",3
30629,"Crustaceans; not frozen, n.e.c. in item no. 0306.2, in shell or not, smoked, cooked or not before or during smoking; in shell, cooked by steaming or by boiling in water; including edible flours, meals, and pellets of crustaceans",3
30719,"Molluscs; oysters, whether in shell or not, frozen, dried, salted or in brine, smoked, cooked or not before or during the smoking process",3
30729,"Molluscs; scallops, whether in shell or not, including queen scallops of the genera Pecten, Chlamys or Placopecten, frozen, dried, salted, in brine, or smoked, cooked or not before or during the smoking process",3
30739,"Molluscs; mussels (Mytilus spp., Perna spp.), whether in shell or not, frozen, dried, salted, in brine, or smoked, cooked or not before or during the smoking process",3
30741,"Molluscs; cuttle fish and squid, whether in shell or not, live, fresh or chilled",3
30749,"Molluscs; cuttle fish and squid, whether in shell or not, frozen, dried, salted, in brine, or smoked, cooked or not before or during the smoking process",3
30759,"Molluscs; octopus (Octopus spp.), frozen, dried, salted, in brine, or smoked, cooked or not before or during the smoking process",3
30779,"Molluscs; clams, cockles, ark shells (Arcidae, Arcticidae, Cardiidae, Donacidae, Hiatellidae, Mactridae, Mesodesmatidae, Myidae, Semelidae, Solecurtidae, Solenidae, Tridacnidae and Veneridae), whether in shell or not, other than live, fresh or chilled",3
30789,"Molluscs; abalone (Haliotis spp.), whether in shell or not, frozen, dried, salted, in brine, or smoked, cooked or not before or during the smoking process",3
30791,"Molluscs; n.e.c. in heading 0307, whether in shell or not, live, fresh or chilled, includes flours, meals, and pellets of molluscs, fit for human consumption",3
30799,"Molluscs; n.e.c. in heading 0307, whether in shell or not, other than live, fresh or chilled, includes flours, meals, and pellets of molluscs, fit for human consumption",3
30811,"Aquatic invertebrates; sea cucumbers (Stichopus japonicus, Holothurioidea), live, fresh or chilled",3
30819,"Aquatic invertebrates; sea cucumbers (Stichopus japonicus, Holothurioidea), frozen, dried, salted or in brine, smoked, whether or not cooked before or during the smoking process",3
30821,"Aquatic invertebrates; sea urchins (Strongylocentrotus spp., Paracentrotus lividus, Loxechinus albus, Echichinus esculentus), live, fresh or chilled",3
30829,"Aquatic invertebrates; sea urchins (Strongylocentrotus spp., Paracentrotus lividus, Loxechinus albus, Echichinus esculentus), frozen, dried, salted or in brine, smoked, whether or not cooked before or during smoking process",3
30110,"Fish; live, ornamental",3
30193,"Fish; live, carp",3
30194,"Fish; live, bluefin tunas (Thunnus thynnus)",3
30199,"Fish; live, n.e.c. in heading no. 0301",3
30211,"Fish; trout (salmo trutta, oncorhynchus mykiss, oncorhynchus clarki, oncorhynchus aguabonita, oncorhynchus gilae, oncorhynchus apache and oncorhynchus chrysogaster), fresh or chilled (excluding fillets, livers, roes, other fish meat of heading no. 0304)",3
30212,"Fish; Pacific salmon (oncorhynchus nerka/gorbuscha/keta/tschawytscha/kisutch/masou/rhodurus), Atlantic salmon (salmo salar), Danube salmon (hucho hucho), fresh or chilled (excluding fillets, livers, roes and other fish meat of heading no. 0304)",3
30219,"Fish; salmonidae, fresh or chilled, n.e.c. in item no. 0302.1 (excluding fillets, livers, roes and other fish meat of heading no. 0304)",3
30221,"Fish; halibut (reinhardtius hippoglossoides, hippoglossus hippoglossus, hippoglossus stenolepis), fresh or chilled (excluding fillets, livers, roes and other fish meat of heading no. 0304)",3
30222,"Fish; plaice (pleuronectes platessa), fresh or chilled (excluding fillets, livers, roes and other fish meat of heading no. 0304)",3
30223,"Fish; sole (solea spp.), fresh or chilled (excluding fillets, livers, roes and other fish meat of heading no. 0304)",3
30229,"Fish; flat fish, fresh or chilled, n.e.c. in item no. 0302.2 (excluding fillets, livers, roes and other fish meat of heading no. 0304)",3
30231,"Fish; albacore or longfinned tunas (thunnus alalunga), fresh or chilled (excluding fillets, livers, roes and other fish meat of heading no. 0304)",3
30232,"Fish; yellowfin tunas (thunnus albacares), fresh or chilled (excluding fillets, livers, roes and other fish meat of heading no. 0304)",3
30233,"Fish; skipjack or stripe-bellied bonito, fresh or chilled (excluding fillets, livers, roes and other fish meat of heading no. 0304)",3
30234,"Fish; bigeye tunas (Thunnus obesus), fresh or chilled (excluding fillets, livers, roes and other fish meat of heading no. 0304)",3
30235,"Fish; bluefin tunas (Thunnus thynnus), fresh or chilled (excluding fillets, livers, roes and other fish meat of heading no. 0304)",3
30236,"Fish; southern bluefin tunas (Thunnus maccoyii), fresh or chilled (excluding fillets, livers, roes and other fish meat of heading no. 0304)",3
30239,"Fish; tuna, fresh or chilled, n.e.c. in item no. 0302.3 (excluding fillets, livers, roes and other fish meat of heading no. 0304)",3
30240,"Fish; herrings (clupea harengus, clupea pallasii), fresh or chilled (excluding fillets, livers, roes and other fish meat of heading no. 0304)",3
30250,"Fish; cod (gadus morhua, gadus ogac, gadus macrocephalus), fresh or chilled (excluding fillets, livers, roes and other fish meat of heading no. 0304)",3
30261,"Fish; sardines (sardina pilchardus, sardinops spp.), sardinella (sardinella spp.), brisling or sprats (sprattus sprattus), fresh or chilled (excluding fillets, livers, roes and other fish meat of heading no. 0304)",3
30262,"Fish; haddock (melanogrammus aeglefinus), fresh or chilled (excluding fillets, livers, roes and other fish meat of heading no. 0304)",3
30263,"Fish; coalfish (pollachius virens), fresh or chilled (excluding fillets, livers, roes and other fish meat of heading no. 0304)",3
30264,"Fish; mackerel (scomber scombrus, scomber australasicus, scomber japonicus), fresh of chilled (excluding fillets, livers, roes and other fish meat of heading no. 0304)",3
30265,"Fish; dogfish and other sharks, fresh or chilled (excluding fillets, livers, roes and other fish meat of heading no. 0304)",3
30266,"Fish; eels (anguilla spp.), fresh or chilled (excluding fillets, livers, roes and other fish meat of heading no. 0304)",3
30267,"Fish; swordfish (Xiphias gladius), fresh or chilled (excluding fillets, livers, roes and other fish meat of heading no. 0304)",3
30268,"Fish; toothfish (Dissostichus spp.), fresh or chilled (excluding fillets, livers, roes and other fish meat of heading no. 0304)",3
30269,"Fish; n.e.c. in heading no. 0302, fresh or chilled (excluding fillets, livers, roes and other fish meat of heading no. 0304)",3
30270,"Fish; livers and roes, fresh or chilled",3
30311,"Fish; Pacific salmon, sockeye salmon, (red salmon), (Oncorhynchus nerka,) frozen, (excluding fillets, livers, roes and other fish meat of heading no. 0304)",3
30319,"Fish; Pacific salmon, other than sockeye salmon, (Oncorhynchus gorbuscha/keta/tschawytscha/kisutch/masou/rhodurus), frozen, (excluding fillets, livers, roes and other fish meat of heading no. 0304)",3
30321,"Fish; trout (salmo trutta, oncorhynchus mykiss, oncorhynchus clarki, oncorhynchus aguabonita, oncorhynchus gilae, oncorhynchus apache and oncorhynchus chrysogaster), frozen (excluding fillets, livers, roes and other fish meat of heading no. 0304)",3
30322,"Fish; Atlantic salmon (salmo salar) and Danube salmon (hucho hucho), frozen (excluding fillets, livers, roes and other fish meat of heading no. 0304)",3
30329,"Fish; salmonidae, frozen, n.e.c. in item no. 0302.1 and 0302.2 (excluding fillets, livers, roes and other fish meat of heading no. 0304)",3
30331,"Fish; halibut (reinhardtius hippoglossoides, hippoglossus hippoglossus, hippoglossus stenolepis), frozen (excluding fillets, livers, roes and other fish meat of heading no. 0304)",3
30332,"Fish; plaice (pleuronectes platessa), frozen (excluding fillets, livers, roes and other fish meat of heading no. 0304)",3
30333,"Fish; sole (solea spp.), frozen (excluding fillets, livers, roes and other fish meat of heading no. 0304)",3
30339,"Fish; flat fish, frozen, n.e.c. in item no. 0303.3 (excluding fillets, livers, roes and other fish meat of heading no. 0304)",3
30341,"Fish; albacore or longfinned tunas (thunnus alalunga), frozen (excluding fillets, livers, roes and other fish meat of heading no. 0304)",3
30342,"Fish; yellowfin tunas (thunnus albacares), frozen (excluding fillets, livers, roes and other fish meat of heading no. 0304)",3
30343,"Fish; skipjack or stripe-bellied bonito, frozen (excluding fillets, livers, roes and other fish meat of heading no. 0304)",3
30344,"Fish; bigeye tunas (Thunnus obesus), frozen, (excluding fillets, livers, roes and other fish meat of heading no. 0304)",3
30345,"Fish; bluefin tuna (Thunnus thynnus), frozen, (excluding fillets, livers, roes and other fish meat of heading no. 0304)",3
30346,"Fish; southern bluefin tunas (Thunnus maccoyii), frozen, (excluding fillets, livers, roes and other fish meat of heading no. 0304)",3
30349,"Fish; tuna, frozen, n.e.c. in item no. 0303.4 (excluding fillets, livers, roes and other fish meat of heading no. 0304)",3
30351,"Fish; herrings (Clupea harengus, Clupea pallasii), frozen (excluding fillets, livers, roes and other fish meat of heading no. 0304)",3
30352,"Fish; cod (Gadus morhua, Gadus ogac, Gadus macrocephalus), frozen (excluding fillets, livers, roes and other fish meat of heading no. 0304)",3
30361,"Fish; swordfish (Xiphias gladius), frozen (excluding fillets, livers, roes and other fish meat of heading no. 0304)",3
30362,"Fish; toothfish (Dissostichus spp.), frozen (excluding fillets, livers, roes and other fish meat of heading no. 0304)",3
30371,"Fish; sardines (sardina pilchardus, sardinops spp.), sardinella (sardinella spp.), brisling or sprats (sprattus sprattus), frozen (excluding fillets, livers, roes and other fish meat of heading no. 0304)",3
30372,"Fish; haddock (melanogrammus aeglefinus), frozen (excluding fillets, livers, roes and other fish meat of heading no. 0304)",3
30373,"Fish; coalfish (pollachius virens), frozen (excluding fillets, livers, roes and other fish meat of heading no. 0304)",3
30374,"Fish; mackerel (scomber scombrus, scomber australasicus, scomber japonicus), frozen (excluding fillets, livers, roes and other fish meat of heading no. 0304)",3
30375,"Fish; dogfish and other sharks, frozen (excluding fillets, livers, roes and other fish meat of heading no. 0304)",3
30376,"Fish; eels (anguilla spp.), frozen (excluding fillets, livers, roes and other fish meat of heading no. 0304)",3
30377,"Fish; sea bass (dicentrarchus labrax, dicentrarchus punctatus), frozen, (excluding fillets, livers, roes and other fish meat of heading no. 0304)",3
30378,"Fish; hake (merluccius spp., urophycis spp.), frozen (excluding fillets, livers, roes and other fish meat of heading no. 0304)",3
30379,"Fish; frozen, n.e.c. in heading no. 0303 (excluding fillets, livers, roes and other fish meat of heading no. 0304)",3
30380,"Fish; livers and roes, frozen",3
30411,"Fish; swordfish (Xiphias gladius), fillets and other fish meat (whether or not minced), fresh or chilled",3
30412,"Fish; toothfish (Dissostichus spp.), fillets and other fish meat (whether or not minced), fresh or chilled",3
30419,"Fish; fillets and other fish meat (whether or not minced), fresh or chilled, other than swordfish (Xiphias gladius) and toothfish (Dissostichus spp.)",3
30421,"Fish; swordfish (Xiphias gladius), fillets, frozen",3
30422,"Fish; toothfish (Dissostichus spp.), fillets, frozen",3
30429,"Fish; fillets, frozen, other than swordfish (Xiphias gladius) and toothfish (Dissostichus spp.)",3
30491,"Fish; swordfish (Xiphias gladius), frozen, other than fillets",3
30492,"Fish; toothfish (Dissostichus spp.), frozen, other than fillets",3
30499,"Fish; fish meat (whether or not minced) other than fillets, frozen, excluding swordfish (Xiphias gladius) and toothfish (Dissostichus spp.)",3
30510,Fish meal; fit for human consumption,3
30520,"Fish; livers and roes, dried, smoked (whether or not cooked before or during the smoking process), salted or in brine",3
30530,"Fish; fillets, dried, salted or in brine, but not smoked",3
30541,"Fish; Pacific salmon (oncorhynchus nerka/gorbuscha/keta/tschawytscha/kisutch/masou/rhodurus), Atlantic salmon (salmo salar) and Danube salmon (hucho hucho), including fillets, smoked (whether or not cooked before or during the smoking process)",3
30542,"Fish; herrings (clupea harengus, clupea pallasii), including fillets; smoked (whether or not cooked before or during the smoking process)",3
30549,"Fish; smoked (whether or not cooked before or during the smoking process), n.e.c. in item no. 0305.4 (including fillets)",3
30551,"Fish; cod (gadus morhua, gadus ogac, gadus macrocephalus), dried (whether or not salted but not smoked)",3
30559,"Fish; dried (whether or not salted but not smoked), n.e.c. in item no. 0305.51",3
30561,"Fish; herrings (clupea harengas, clupea pallasii), salted or in brine but not dried or smoked",3
30562,"Fish; cod (gadus morhua, gadus ogac, gadus macrocephalus), salted or in brine but not dried or smoked",3
30563,"Fish; anchovies (engraulis spp.), salted or in brine but not dried or smoked",3
30569,"Fish; salted or in brine, but not dried or smoked, n.e.c. in item no. 0305.6",3
30611,"Crustaceans; rock lobsters and other sea crawfish (palinurus spp., panulirus spp., jasus spp.), frozen (whether in shell or not, whether or not cooked by steaming or by boiling in water)",3
30612,"Crustaceans; lobsters (homarus spp.), frozen (whether in shell or not, whether or not cooked by steaming or by boiling in water)",3
30613,"Crustaceans; shrimps and prawns, frozen (whether in shell or not, whether or not cooked by steaming or by boiling in water)",3
30614,"Crustaceans; crabs, frozen (whether in shell or not, whether or not cooked by steaming or by boiling in water)",3
30619,"Crustaceans; frozen, n.e.c. in item no. 0306.1 (whether in shell or not, whether or not cooked by steaming or by boiling in water)",3
30621,"Crustaceans; rock lobster and other sea crawfish (palinurus spp., panulirus spp., jasus spp.), not frozen, (whether in shell or not, whether or not cooked by steaming or by boiling in water)",3
30622,"Crustaceans; lobsters (homarus spp.), not frozen, (whether in shell or not, whether or not cooked by steaming or by boiling in water)",3
30623,"Crustaceans; shrimps and prawns, not frozen, (whether in shell or not, whether or not cooked by steaming or by boiling in water)",3
30624,"Crustaceans; crabs, not frozen, (whether in shell or not, whether or not cooked by steaming or by boiling in water)",3
30629,"Crustaceans; not frozen, n.e.c. in heading no. 0306, (whether in shell or not, whether or not cooked by steaming or by boiling in water)",3
30710,"Molluscs; oysters, live, fresh, chilled, frozen, dried, salted or in brine (whether in shell or not)",3
30721,"Molluscs; scallops (including queen scallops of the genera pecten, chlamys or placopecten), live, fresh or chilled (whether in shell or not)",3
30729,"Molluscs; scallops (including queen scallops of the genera pecten, chlamys or placopecten), frozen, dried, salted or in brine (whether in shell or not)",3
30731,"Molluscs; mussels (mytilus spp., perna spp.), live, fresh or chilled (whether in shell or not)",3
30739,"Molluscs; mussels (mytilus spp., perna spp.), frozen, dried, salted or in brine (whether in shell or not)",3
30741,"Molluscs; cuttle fish and squid, live, fresh or chilled (whether in shell or not)",3
30749,"Molluscs; cuttle fish and squid, frozen, dried, salted or in brine (whether in shell or not)",3
30759,"Molluscs; octopus (octopus spp.), frozen, dried, salted or in brine",3
30760,"Molluscs; snails (other than sea snails), live, fresh, chilled, frozen, dried, salted or in brine (whether in shell or not)",3
30791,"Molluscs and other aquatic invertebrates; live, fresh or chilled (whether in shell or not), n.e.c. in heading no. 0307",3
30799,"Molluscs and other aquatic invertebrates; frozen, dried, salted or in brine (whether in shell or not), n.e.c. in heading no. 0307",3
30199,"Fish; live, n.e.s. in heading no. 0301",3
30219,"Fish; salmonidae, fresh or chilled, n.e.s. in item no. 0302.1 (excluding fillets, livers, roes and other fish meat of heading no. 0304)",3
30229,"Fish; flat fish, fresh or chilled, n.e.s. in item no. 0302.2 (excluding fillets, livers, roes and other fish meat of heading no. 0304)",3
30239,"Fish; tuna, fresh or chilled, n.e.s. in item no. 0302.3 (excluding fillets, livers, roes and other fish meat of heading no. 0304)",3
30269,"Fish; fresh or chilled, n.e.s. in heading no. 0302 (excluding fillets, livers, roes and other fish meat of heading no. 0304)",3
30329,"Fish; salmonidae, frozen, n.e.s. in item no. 0302.1 and 0302.2 (excluding fillets, livers, roes and other fish meat of heading no. 0304)",3
30339,"Fish; flat fish, frozen, n.e.s. in item no. 0303.3 (excluding fillets, livers, roes and other fish meat of heading no. 0304)",3
30346,"Fish; southern bluefin tunas (Thunnus maccoyii), frozen, n.e.c. in item no. 0303.4 (excluding fillets, livers, roes and other fish meat of heading no. 0304)",3
30350,"Fish; herrings (clupea harengus, clupea pallasii), frozen (excluding fillets, livers, roes and other fish meat of heading no. 0304)",3
30360,"Fish; cod (gadus morhua, gadus ogac, gadus macrocephalus), frozen (excluding fillets, livers, roes and other fish meat of heading no. 0304)",3
30379,"Fish; frozen, n.e.s. in heading no. 0303 (excluding fillets, livers, roes and other fish meat of heading no. 0304)",3
30410,"Fish; fillets and other fish meat, fresh or chilled (whether or not minced)",3
30420,"Fish; fillets, frozen",3
30490,"Fish; fish meat n.e.s. in heading no. 0304 (whether or not minced), fresh, chilled or frozen",3
30549,"Fish; smoked (whether or not cooked before or during the smoking process), n.e.s. in item no. 0305.4 (including fillets)",3
30559,"Fish; dried (whether or not salted but not smoked), n.e.s. in item no. 0305.51",3
30569,"Fish; salted or in brine, but not dried or smoked, n.e.s. in item no. 0305.6",3
30619,"Crustaceans; frozen, n.e.s. in item no. 0306.1 (whether in shell or not, whether or not cooked by steaming or by boiling in water)",3
30629,"Crustaceans; not frozen, n.e.s. in heading no. 0306, (whether in shell or not, whether or not cooked by steaming or by boiling in water)",3
30791,"Molluscs and other aquatic invertebrates; live, fresh or chilled (whether in shell or not), n.e.s. in heading no. 0307",3
30799,"Molluscs and other aquatic invertebrates; frozen, dried, salted or in brine (whether in shell or not), n.e.s. in heading no. 0307",3
30310,"Fish; Pacific salmon, (oncorhynchus nerka/gorbuscha/keta/tschawytscha/kisutch/masou/rhodurus), frozen, (excluding fillets, livers, roes and other fish meat of heading no. 0304)",3
30349,"Fish; tuna, frozen, n.e.s. in item no. 0303.4 (excluding fillets, livers, roes and other fish meat of heading no. 0304)",3
30191,"Fish; live, trout (salmo trutta, salmo gairdneri, salmo clarki, salmo aguabonita, salmo gilae)",3
30211,"Fish; trout (salmo trutta, salmo gairdneri, salmo clarki, salmo aguabonita, salmo gilae), fresh or chilled (excluding fillets, livers, roes and other fish meat of heading no. 0304)",3
30212,"Fish; Pacific salmon (oncorhynchus spp.), Atlantic salmon (salmo salar), Danube salmon (hucho hucho), fresh or chilled (excluding fillets, livers, roes and other fish meat of heading no. 0304)",3
30310,"Fish; Pacific salmon, (oncorhynchus spp.), frozen (excluding fillets, livers, roes and other fish meat of heading no. 0304)",3
30321,"Fish; trout (salmo trutta, salmo gairdneri, salmo clarki, salmo aguabonita, salmo gilae), frozen (excluding fillets, livers, roes and other fish meat of heading no. 0304)",3
30541,"Fish; Pacific salmon (oncorhynchus spp.), Atlantic salmon (salmo salar) and Danube salmon (hucho hucho), including fillets, smoked (whether or not cooked before or during the smoking process)",3
